model,pred_len,epoch,train_loss,val_loss,r2_val_sklearn
LSTM_MO,1,0,249.4776885205127,67.61520093724928,0.0011260509490966797
LSTM_MO,1,1,248.61866967728798,67.45196828951363,0.003415226936340332
LSTM_MO,1,2,248.27111175212454,67.1093235370767,0.008478045463562012
LSTM_MO,1,3,246.27407966776096,66.88071323260097,0.011777818202972412
LSTM_MO,1,4,246.2499872471424,66.81384940911795,0.012630462646484375
LSTM_MO,2,0,331.9586134889851,90.36261917980573,0.0002123117446899414
LSTM_MO,2,1,334.0887727011805,90.21523635806018,0.001758873462677002
